{
	"schemaVersion": "0.1.0",
	"name": "General Clipping",
	"behavior": "create",
	"noteContentFormat": "{{content}}",
	"properties": [
		{
			"name": "categories",
			"value": "[[Clippings]]",
			"type": "multitext"
		},
		{
			"name": "author",
			"value": "[[{{author}}]]",
			"type": "multitext"
		},
		{
			"name": "source",
			"value": "{{url}}",
			"type": "text"
		},
		{
			"name": "via",
			"value": "",
			"type": "text"
		},
		{
			"name": "published",
			"value": "{{published}}",
			"type": "datetime"
		},
		{
			"name": "created",
			"value": "{{date}}",
			"type": "datetime"
		},
		{
			"name": "topics",
			"value": "",
			"type": "multitext"
		},
		{
			"name": "description",
			"value": "{{description}}",
			"type": "text"
		}
	],
	"triggers": [],
	"noteNameFormat": "{{title}}",
	"path": "Clippings/"
}
