{
	"schemaVersion": "0.1.0",
	"name": "Recipe",
	"behavior": "create",
	"noteContentFormat": "![{{schema:Recipe:image|first}}]\n\n## Description\n{{schema:Recipe:description}}\n\n## Ingredients\n{{schema:Recipe:recipeIngredient|list}}\n\n## Instructions\n{{schema:Recipe:recipeInstructions|map:step =>> step.text|list}}\n\n## Nutrition\n- Calories: {{schema:Recipe:nutrition.calories}}",
	"properties": [
		{
			"name": "categories",
			"value": "[[Recipes]]",
			"type": "multitext"
		},
		{
			"name": "author",
			"value": "[[{{schema:Recipe:author.name}}]]",
			"type": "text"
		},
		{
			"name": "source",
			"value": "{{url}}",
			"type": "text"
		},
		{
			"name": "ingredients",
			"value": "{{schema:Recipe:recipeIngredient}}",
			"type": "multitext"
		},
		{
			"name": "cuisine",
			"value": "{{schema:Recipe:recipeCuisine}}",
			"type": "text"
		},
		{
			"name": "rating",
			"value": "",
			"type": "number"
		},
		{
			"name": "type",
			"value": "Recipe",
			"type": "text"
		}
	],
	"triggers": [
		"schema:Recipe"
	],
	"noteNameFormat": "{{schema:Recipe:name}}",
	"path": "Recipes/"
}
