{
  "projectName": "E-commerce Platform",
  "feature": "Shopping cart checkout process with multiple payment methods",
  "stakeholders": [
    "Product Owner",
    "Developer",
    "QA Engineer",
    "Payment Team Lead",
    "UX Designer"
  ],
  "testFramework": "cucumber",
  "developmentPhase": "brownfield",
  "generateTests": true,
  "createDocumentation": true,
  "existingFeatures": [
    "user-authentication",
    "shopping-cart",
    "product-catalog"
  ],
  "existingScenarios": [],
  "existingSteps": [
    "I am logged in as a user",
    "I navigate to the cart",
    "I should see a success message"
  ]
}
