{
  "title": "Domain-Driven Design Examples",
  "description": "Collection of example inputs for the DDD methodology process",
  "examples": [
    {
      "file": "ecommerce-example.json",
      "title": "E-Commerce Marketplace",
      "complexity": "complex",
      "phase": "full",
      "description": "Complete DDD for an online marketplace with buyers, sellers, products, orders, and fulfillment",
      "highlights": [
        "Multiple core subdomains (Catalog, Sales, Pricing)",
        "Complex context relationships",
        "Event-driven architecture",
        "Anti-corruption layers for payment gateway"
      ]
    },
    {
      "file": "banking-example.json",
      "title": "Digital Banking Platform",
      "complexity": "complex",
      "phase": "strategic",
      "description": "Strategic design only - subdomains, bounded contexts, and context mapping for banking",
      "highlights": [
        "Highly regulated domain",
        "Strong separation of concerns",
        "Compliance as cross-cutting context",
        "Risk management integration"
      ]
    },
    {
      "file": "healthcare-example.json",
      "title": "Healthcare Appointment System",
      "complexity": "moderate",
      "phase": "tactical",
      "description": "Tactical design for appointment scheduling - entities, aggregates, repositories, events",
      "highlights": [
        "Complex invariants (no double-booking)",
        "Time-based value objects",
        "Aggregate design patterns",
        "Integration with external systems"
      ]
    },
    {
      "file": "simple-blog-example.json",
      "title": "Blog Publishing Platform",
      "complexity": "simple",
      "phase": "full",
      "description": "Full DDD for a simple blogging platform - demonstrates DDD for less complex domains",
      "highlights": [
        "Simple domain with clear boundaries",
        "Few bounded contexts",
        "Basic event-driven patterns",
        "Good starting point for learning DDD"
      ]
    }
  ],
  "usageInstructions": {
    "cli": "npx @a5c-ai/babysitter-sdk run --process methodologies/domain-driven-design --input examples/ecommerce-example.json",
    "programmatic": {
      "language": "javascript",
      "code": "import { orchestrate } from '@a5c-ai/babysitter-sdk';\nimport exampleInput from './examples/ecommerce-example.json';\n\nconst result = await orchestrate({\n  process: 'methodologies/domain-driven-design',\n  ...exampleInput.inputs\n});"
    }
  },
  "complexityGuide": {
    "simple": {
      "description": "Single core subdomain, 1-3 bounded contexts, clear boundaries",
      "examples": ["Blog platform", "TODO app", "Simple inventory"],
      "recommendation": "Good for learning DDD, may be overkill for trivial apps"
    },
    "moderate": {
      "description": "2-3 core subdomains, 3-6 bounded contexts, some integration complexity",
      "examples": ["Appointment scheduling", "Order management", "CMS"],
      "recommendation": "Sweet spot for DDD - enough complexity to benefit, not overwhelming"
    },
    "complex": {
      "description": "Multiple core subdomains, 6+ bounded contexts, significant integration",
      "examples": ["E-commerce platform", "Banking system", "Healthcare network"],
      "recommendation": "DDD is essential - helps manage complexity and team coordination"
    }
  },
  "phaseGuide": {
    "strategic": {
      "description": "Focus on problem space - subdomains, bounded contexts, context map",
      "when": "Early in project, defining architecture, multiple teams",
      "outputs": ["Subdomain classification", "Bounded context map", "Integration patterns"]
    },
    "tactical": {
      "description": "Focus on solution space - entities, aggregates, repositories, events",
      "when": "Implementing specific bounded context, strategic design already complete",
      "outputs": ["Entity/VO definitions", "Aggregate designs", "Repository interfaces", "Domain events"]
    },
    "full": {
      "description": "Complete DDD from strategic through implementation planning",
      "when": "Starting new project, major refactoring, comprehensive documentation needed",
      "outputs": ["All strategic and tactical artifacts", "Ubiquitous language glossary", "Implementation plan"]
    }
  }
}
