{
  "projectName": "E-commerce Microservices Platform",
  "releaseGoal": "Distributed order processing and fulfillment system",
  "iterationLength": 2,
  "teamSize": 8,
  "velocity": null,
  "practices": [
    "pair-programming",
    "planning-game",
    "tdd",
    "whole-team",
    "continuous-integration",
    "refactoring",
    "small-releases",
    "coding-standards",
    "collective-ownership",
    "simple-design",
    "system-metaphor",
    "sustainable-pace"
  ],
  "userStories": null,
  "enablePairProgramming": true,
  "enableTDD": true,
  "enableCI": true,
  "enableRefactoring": true,
  "context": {
    "description": "Building distributed microservices for order processing, inventory management, and fulfillment",
    "businessGoals": [
      "Scale order processing to 10x current volume",
      "Reduce order fulfillment time by 30%",
      "Enable real-time inventory synchronization",
      "Support multiple fulfillment centers"
    ],
    "technicalContext": {
      "stack": "Spring Boot microservices, Kafka for events, Kubernetes for orchestration",
      "existingCodebase": "Migrating from monolith to microservices",
      "teamExperience": "Experienced team with distributed systems knowledge"
    },
    "expectedOutcomes": {
      "iterations": 4,
      "storiesEstimate": "16-20 stories across multiple services",
      "velocityEstimate": "20 story points per iteration (larger team)",
      "practiceAdherence": "High, team experienced with agile practices"
    },
    "specialConsiderations": [
      "Multiple services require careful coordination",
      "Integration testing across services critical",
      "Service boundaries and contracts must be clear",
      "Event-driven architecture requires specialized testing",
      "Pair programming helps with complex distributed debugging",
      "System metaphor critical for shared understanding of architecture",
      "May need to split team into sub-teams per service",
      "Continuous integration must handle multiple services",
      "Contract testing (Pact) for service interactions"
    ],
    "microservicesSpecificPractices": [
      "Service-level pair programming with rotation across services",
      "Contract-driven development and testing",
      "Distributed tracing for debugging",
      "Chaos engineering for resilience testing",
      "Service mesh for reliability patterns",
      "Independent deployment pipelines per service",
      "Shared understanding through architecture decision records"
    ],
    "teamStructure": {
      "suggestion": "Consider 2 sub-teams of 4, each owning 2-3 services",
      "coordination": "Daily sync between sub-teams, shared retrospectives",
      "pairing": "Rotate pairs across sub-teams for knowledge sharing",
      "collectiveOwnership": "Critical - anyone should be able to work on any service"
    }
  }
}
