{
  "metadata": {
    "title": "Website Traffic Time Series",
    "description": "Hourly website visitors over 7 days",
    "startDate": "2024-01-01T00:00:00Z",
    "endDate": "2024-01-07T23:59:59Z",
    "interval": "hourly"
  },
  "data": [
    { "timestamp": "2024-01-01T00:00:00Z", "visitors": 145, "pageViews": 523, "bounceRate": 0.42 },
    { "timestamp": "2024-01-01T01:00:00Z", "visitors": 98, "pageViews": 312, "bounceRate": 0.45 },
    { "timestamp": "2024-01-01T02:00:00Z", "visitors": 67, "pageViews": 201, "bounceRate": 0.48 },
    { "timestamp": "2024-01-01T03:00:00Z", "visitors": 45, "pageViews": 134, "bounceRate": 0.51 },
    { "timestamp": "2024-01-01T04:00:00Z", "visitors": 34, "pageViews": 98, "bounceRate": 0.53 },
    { "timestamp": "2024-01-01T05:00:00Z", "visitors": 56, "pageViews": 167, "bounceRate": 0.49 },
    { "timestamp": "2024-01-01T06:00:00Z", "visitors": 123, "pageViews": 412, "bounceRate": 0.43 },
    { "timestamp": "2024-01-01T07:00:00Z", "visitors": 234, "pageViews": 823, "bounceRate": 0.38 },
    { "timestamp": "2024-01-01T08:00:00Z", "visitors": 456, "pageViews": 1534, "bounceRate": 0.32 },
    { "timestamp": "2024-01-01T09:00:00Z", "visitors": 678, "pageViews": 2345, "bounceRate": 0.28 },
    { "timestamp": "2024-01-01T10:00:00Z", "visitors": 789, "pageViews": 2876, "bounceRate": 0.25 },
    { "timestamp": "2024-01-01T11:00:00Z", "visitors": 823, "pageViews": 3012, "bounceRate": 0.24 },
    { "timestamp": "2024-01-01T12:00:00Z", "visitors": 891, "pageViews": 3234, "bounceRate": 0.23 }
  ]
}
