{
  "phaseId": "phase-1-auth",
  "phaseName": "User Authentication & Authorization",
  "requirements": [
    {
      "id": "REQ-1.1",
      "description": "Users can sign up with email and password",
      "acceptanceCriteria": [
        "Email validation implemented",
        "Password strength requirements enforced",
        "Confirmation email sent",
        "User account created in database"
      ],
      "priority": "must-have"
    },
    {
      "id": "REQ-1.2",
      "description": "Users can log in and log out",
      "acceptanceCriteria": [
        "Session management implemented",
        "Remember me functionality",
        "Logout clears session",
        "Failed login attempts tracked"
      ],
      "priority": "must-have"
    },
    {
      "id": "REQ-1.3",
      "description": "Password reset via email",
      "acceptanceCriteria": [
        "Reset link expires after 1 hour",
        "Email with reset link sent",
        "New password can be set",
        "Old password invalidated"
      ],
      "priority": "should-have"
    }
  ],
  "vision": {
    "problem": "Teams need secure access to collaboration tools",
    "solution": "Implement robust authentication system"
  },
  "research": {
    "stack": {
      "recommended": {
        "framework": "Next.js",
        "database": "PostgreSQL",
        "auth": "NextAuth.js"
      }
    }
  }
}
