{
  "$schema": "http://json-schema.org/draft-07/schema#",
  "type": "object",
  "title": "User Registration Form",
  "description": "New user account registration",
  "properties": {
    "username": {
      "type": "string",
      "title": "Username",
      "minLength": 3,
      "maxLength": 20,
      "pattern": "^[a-zA-Z0-9_-]+$",
      "description": "Unique username (letters, numbers, underscore, hyphen only)"
    },
    "email": {
      "type": "string",
      "format": "email",
      "title": "Email Address",
      "description": "Primary email for account"
    },
    "password": {
      "type": "string",
      "title": "Password",
      "minLength": 8,
      "maxLength": 100,
      "description": "Secure password (min 8 chars, must include uppercase, lowercase, number)"
    },
    "confirmPassword": {
      "type": "string",
      "title": "Confirm Password",
      "description": "Must match password field"
    },
    "firstName": {
      "type": "string",
      "title": "First Name",
      "minLength": 1,
      "maxLength": 50
    },
    "lastName": {
      "type": "string",
      "title": "Last Name",
      "minLength": 1,
      "maxLength": 50
    },
    "dateOfBirth": {
      "type": "string",
      "format": "date",
      "title": "Date of Birth",
      "description": "Must be 13 years or older"
    },
    "country": {
      "type": "string",
      "title": "Country",
      "description": "Country of residence"
    },
    "terms": {
      "type": "boolean",
      "title": "Accept Terms and Conditions",
      "const": true,
      "description": "Must accept to register"
    },
    "marketing": {
      "type": "boolean",
      "title": "Receive Marketing Emails",
      "default": false
    }
  },
  "required": ["username", "email", "password", "confirmPassword", "firstName", "lastName", "terms"],
  "additionalProperties": false
}
