{
  "projectName": "SaaS Analytics Platform MVP",
  "productVision": "Web analytics platform for SaaS companies to track user behavior, retention, and revenue metrics. MVP focused on core tracking and dashboard features to validate product-market fit. Goal: Launch to first 10 beta customers in 8 weeks.",
  "sprintDuration": 2,
  "sprintCount": 4,
  "teamSize": 4,
  "productOwner": "Emily Chen (Founder/CEO)",
  "scrumMaster": "Tom Rodriguez (CTO)",
  "backlogItems": [
    {
      "id": "MVP-001",
      "title": "JavaScript Tracking SDK",
      "userStory": "As a customer, I want to add a simple tracking script to my app, so that I can start collecting user events",
      "acceptanceCriteria": [
        "One-line JavaScript snippet installation",
        "Automatically track page views",
        "Manually track custom events via API",
        "Capture user properties (ID, email, etc.)",
        "Handle authentication and API keys",
        "Works with Single Page Apps (SPA)",
        "Minimal performance impact (< 50kb)",
        "NPM package published"
      ],
      "storyPoints": 13,
      "priority": "must-have",
      "type": "feature",
      "businessValue": 100
    },
    {
      "id": "MVP-002",
      "title": "Event Collection and Storage",
      "userStory": "As a platform, I want to reliably collect and store millions of events, so that customers can analyze their data",
      "acceptanceCriteria": [
        "REST API endpoint for event ingestion",
        "Validate and sanitize incoming events",
        "Store events in time-series database (ClickHouse or TimescaleDB)",
        "Handle high throughput (10k events/sec per customer)",
        "Event deduplication",
        "Data retention policies",
        "Error handling and monitoring"
      ],
      "storyPoints": 13,
      "priority": "must-have",
      "type": "technical",
      "businessValue": 100,
      "dependencies": ["MVP-001"]
    },
    {
      "id": "MVP-003",
      "title": "Real-Time Analytics Dashboard",
      "userStory": "As a customer, I want to see live user activity and key metrics, so that I can monitor my product usage",
      "acceptanceCriteria": [
        "Live event stream (WebSocket)",
        "Key metrics: active users, events/min, top events",
        "Time-series charts (last 24h, 7d, 30d)",
        "Filter by event type and properties",
        "Auto-refresh every 30 seconds",
        "Responsive design for mobile",
        "Fast query performance (< 2 sec)"
      ],
      "storyPoints": 13,
      "priority": "must-have",
      "type": "feature",
      "businessValue": 95,
      "dependencies": ["MVP-002"]
    },
    {
      "id": "MVP-004",
      "title": "User Segmentation",
      "userStory": "As a customer, I want to segment users by properties and behavior, so that I can analyze specific user cohorts",
      "acceptanceCriteria": [
        "Create segments based on user properties",
        "Create segments based on events performed",
        "Save and name segments",
        "View segment size in real-time",
        "Apply segments to dashboard filters",
        "Common segments pre-defined (new users, power users, etc.)"
      ],
      "storyPoints": 8,
      "priority": "must-have",
      "type": "feature",
      "businessValue": 85,
      "dependencies": ["MVP-003"]
    },
    {
      "id": "MVP-005",
      "title": "Retention Analysis",
      "userStory": "As a customer, I want to analyze user retention over time, so that I can measure product stickiness",
      "acceptanceCriteria": [
        "Cohort retention table (Day 0, 1, 7, 14, 30)",
        "Define retention event (e.g., login, core action)",
        "Visualize retention curves",
        "Compare retention across segments",
        "Export retention data",
        "Industry benchmarks displayed"
      ],
      "storyPoints": 13,
      "priority": "should-have",
      "type": "feature",
      "businessValue": 80,
      "dependencies": ["MVP-004"]
    },
    {
      "id": "MVP-006",
      "title": "Funnel Analysis",
      "userStory": "As a customer, I want to create conversion funnels, so that I can identify drop-off points in user journeys",
      "acceptanceCriteria": [
        "Define funnel steps (sequence of events)",
        "Calculate conversion rates between steps",
        "Visualize funnel with drop-off percentages",
        "Filter funnel by segments",
        "Time to convert metrics",
        "Save and name funnels"
      ],
      "storyPoints": 13,
      "priority": "should-have",
      "type": "feature",
      "businessValue": 85,
      "dependencies": ["MVP-004"]
    },
    {
      "id": "MVP-007",
      "title": "Customer Onboarding and Account Setup",
      "userStory": "As a new customer, I want to quickly set up my account and start tracking, so that I can see value immediately",
      "acceptanceCriteria": [
        "Sign up with email",
        "Email verification",
        "Create project/property",
        "Display installation instructions with API key",
        "Verify tracking is working (check first event)",
        "Onboarding checklist",
        "Sample data for demo purposes"
      ],
      "storyPoints": 8,
      "priority": "must-have",
      "type": "feature",
      "businessValue": 90
    },
    {
      "id": "MVP-008",
      "title": "Team Collaboration",
      "userStory": "As a customer, I want to invite team members to view dashboards, so that we can collaborate on analysis",
      "acceptanceCriteria": [
        "Invite team members by email",
        "Role-based access (admin, viewer)",
        "Manage team member permissions",
        "Remove team members",
        "Activity log of team actions"
      ],
      "storyPoints": 5,
      "priority": "could-have",
      "type": "feature",
      "businessValue": 60,
      "dependencies": ["MVP-007"]
    },
    {
      "id": "MVP-009",
      "title": "Billing and Subscription Management",
      "userStory": "As a customer, I want to upgrade to paid plan, so that I can access higher event volume limits",
      "acceptanceCriteria": [
        "Display current plan and usage",
        "Stripe integration for payments",
        "Upgrade/downgrade plans",
        "Billing history and invoices",
        "Usage-based pricing enforcement",
        "Free trial (14 days, 100k events)",
        "Cancel subscription"
      ],
      "storyPoints": 8,
      "priority": "should-have",
      "type": "feature",
      "businessValue": 100
    },
    {
      "id": "MVP-010",
      "title": "Email Reports",
      "userStory": "As a customer, I want to receive weekly summary emails, so that I stay informed without logging in daily",
      "acceptanceCriteria": [
        "Weekly email with key metrics",
        "Configurable report schedule",
        "Unsubscribe option",
        "Mobile-friendly email design",
        "Link to dashboard for details"
      ],
      "storyPoints": 5,
      "priority": "could-have",
      "type": "feature",
      "businessValue": 50,
      "dependencies": ["MVP-003"]
    }
  ]
}
