{
  "$schema": "https://www.designtokens.org/tr/2025.10/",
  "space": {
    "0": {
      "$value": "0",
      "$type": "dimension",
      "$description": "Zero spacing"
    },
    "1": {
      "$value": "0.25rem",
      "$type": "dimension",
      "$description": "4px - smallest spacing unit"
    },
    "2": {
      "$value": "0.5rem",
      "$type": "dimension",
      "$description": "8px"
    },
    "3": {
      "$value": "0.75rem",
      "$type": "dimension",
      "$description": "12px"
    },
    "4": {
      "$value": "1rem",
      "$type": "dimension",
      "$description": "16px - base spacing unit"
    },
    "5": {
      "$value": "1.25rem",
      "$type": "dimension",
      "$description": "20px"
    },
    "6": {
      "$value": "1.5rem",
      "$type": "dimension",
      "$description": "24px"
    },
    "8": {
      "$value": "2rem",
      "$type": "dimension",
      "$description": "32px"
    },
    "10": {
      "$value": "2.5rem",
      "$type": "dimension",
      "$description": "40px"
    },
    "12": {
      "$value": "3rem",
      "$type": "dimension",
      "$description": "48px"
    },
    "16": {
      "$value": "4rem",
      "$type": "dimension",
      "$description": "64px"
    },
    "20": {
      "$value": "5rem",
      "$type": "dimension",
      "$description": "80px"
    },
    "24": {
      "$value": "6rem",
      "$type": "dimension",
      "$description": "96px"
    },
    "32": {
      "$value": "8rem",
      "$type": "dimension",
      "$description": "128px"
    }
  }
}
