{
  "$schema": "https://www.designtokens.org/tr/2025.10/",
  "font": {
    "family": {
      "sans": {
        "$value": "'Inter', -apple-system, BlinkMacSystemFont, 'Segoe UI', 'Roboto', 'Helvetica Neue', sans-serif",
        "$type": "fontFamily",
        "$description": "Primary sans-serif font stack"
      },
      "serif": {
        "$value": "'Georgia', 'Times New Roman', serif",
        "$type": "fontFamily",
        "$description": "Serif font stack"
      },
      "mono": {
        "$value": "'Fira Code', 'Menlo', 'Monaco', 'Courier New', monospace",
        "$type": "fontFamily",
        "$description": "Monospace font stack for code"
      }
    },
    "size": {
      "xs": {
        "$value": "0.75rem",
        "$type": "fontSize",
        "$description": "12px - extra small text"
      },
      "sm": {
        "$value": "0.875rem",
        "$type": "fontSize",
        "$description": "14px - small text"
      },
      "base": {
        "$value": "1rem",
        "$type": "fontSize",
        "$description": "16px - base body text size"
      },
      "lg": {
        "$value": "1.125rem",
        "$type": "fontSize",
        "$description": "18px - large text"
      },
      "xl": {
        "$value": "1.25rem",
        "$type": "fontSize",
        "$description": "20px"
      },
      "2xl": {
        "$value": "1.5rem",
        "$type": "fontSize",
        "$description": "24px"
      },
      "3xl": {
        "$value": "1.875rem",
        "$type": "fontSize",
        "$description": "30px"
      },
      "4xl": {
        "$value": "2.25rem",
        "$type": "fontSize",
        "$description": "36px"
      },
      "5xl": {
        "$value": "3rem",
        "$type": "fontSize",
        "$description": "48px"
      },
      "6xl": {
        "$value": "3.75rem",
        "$type": "fontSize",
        "$description": "60px"
      },
      "7xl": {
        "$value": "4.5rem",
        "$type": "fontSize",
        "$description": "72px"
      }
    },
    "weight": {
      "thin": {
        "$value": "100",
        "$type": "fontWeight"
      },
      "extralight": {
        "$value": "200",
        "$type": "fontWeight"
      },
      "light": {
        "$value": "300",
        "$type": "fontWeight"
      },
      "normal": {
        "$value": "400",
        "$type": "fontWeight",
        "$description": "Regular weight"
      },
      "medium": {
        "$value": "500",
        "$type": "fontWeight"
      },
      "semibold": {
        "$value": "600",
        "$type": "fontWeight"
      },
      "bold": {
        "$value": "700",
        "$type": "fontWeight"
      },
      "extrabold": {
        "$value": "800",
        "$type": "fontWeight"
      },
      "black": {
        "$value": "900",
        "$type": "fontWeight"
      }
    },
    "line-height": {
      "none": {
        "$value": "1",
        "$type": "number",
        "$description": "No line height spacing"
      },
      "tight": {
        "$value": "1.25",
        "$type": "number",
        "$description": "Tight line spacing for headings"
      },
      "snug": {
        "$value": "1.375",
        "$type": "number"
      },
      "normal": {
        "$value": "1.5",
        "$type": "number",
        "$description": "Normal line spacing for body text"
      },
      "relaxed": {
        "$value": "1.625",
        "$type": "number"
      },
      "loose": {
        "$value": "2",
        "$type": "number",
        "$description": "Loose line spacing"
      }
    },
    "letter-spacing": {
      "tighter": {
        "$value": "-0.05em",
        "$type": "dimension"
      },
      "tight": {
        "$value": "-0.025em",
        "$type": "dimension"
      },
      "normal": {
        "$value": "0",
        "$type": "dimension"
      },
      "wide": {
        "$value": "0.025em",
        "$type": "dimension"
      },
      "wider": {
        "$value": "0.05em",
        "$type": "dimension"
      },
      "widest": {
        "$value": "0.1em",
        "$type": "dimension"
      }
    }
  }
}
